restaurant_id,title,restaurant_image_url,food_image_url
3,無可挑TEA&呷心食堂,,https://tb-static.uber.com/prod/image-proc/processed_images/972eed3643ebeb20190296d9057de299/3ac2b39ad528f8c8c5dc77c59abb683d.jpeg
6,牛摩王牛排,,https://tomchun.tw/tomchun/imguploads/2022/04/LINE_ALBUM_2022326_220327_2.jpg
12,萊爾富 橋頭棋琴店,,https://mnya.tw/yo/wp-content/uploads/2024/3349-3.jpg
15,7-ELEVEN 侑群門市,,https://mnya.tw/yo/wp-content/uploads/2025/3608-3.jpg
18,涵廚娘健康餐盒,,https://tb-static.uber.com/prod/image-proc/processed_images/8bd1b5a728ae54fc3495518c0c9518fe/5283d81c664b43c5f57a3a186d273063.jpeg
30,吉米瓦得早午餐店,,https://images.deliveryhero.io/image/fd-tw/LH/tmog-listing.jpg
33,PS手作麵包,,https://tokyo-kitchen.icook.network/uploads/step/cover/1864586/4c696cda210b9f30.jpg
45,好朋友控土窯,,https://pimg.1px.tw/chaoerh/1760864253-1829235217-g.jpg
54,永吉喜餅蛋糕,,https://rcdn.weddingday.com.tw/original/20299498d1c7e5463dcbb3c29edef1bd_87832e6417386f6b4ce2544a35b9d5f9668e0b83.jpeg
55,7-ELEVEN 甲圍門市,,https://mnya.tw/yo/wp-content/uploads/2025/3608-5.jpg
64,ㄚ爸滷肉飯,,https://ddwgnufeodrv4.cloudfront.net/10002862/20201106/1604655294902_plus1_530.jpeg
70,菊川町日式串燒,https://stanma.tw/wp-content/uploads/2025/12/20251204-5fd8r.jpg,https://stanma.tw/wp-content/uploads/2025/12/20251204-ujkqd.jpg
93,仁獻堂西點麵包,,https://angelala.tw/wp-content/uploads/2021/06/nan3.jpg
109,艾暾咖啡Alton Coffee,,https://lizzzstyle.tw/wp-content/uploads/2024/01/20240119155044_0.jpg
186,全家便利商店 高雄加宏店,,https://www.family.com.tw/Manager/MarketingBS/Content/Pic/%E9%95%B7%E6%9C%9F_%E9%87%91%E9%A3%AF%E7%B3%B0.jpg
190,雞車客棧,,https://niniandblue.com/wp-content/uploads/flickr/26906533697_e1fb73c0ff_b.jpg
191,轉丼 丼飯烏龍麵專賣,,https://tb-static.uber.com/prod/image-proc/processed_images/80aa69db3d737138ee756938d5311631/9e31c708e4cf73b6e3ea1bd4a9b6e16b.jpeg
192,大亨壽司,,https://tb-static.uber.com/prod/image-proc/processed_images/28b334aa7752e88f94dbde99b53bd300/c86a2d4dc3dc568dc3ddf7b096104ac3.jpeg
196,蘊曐烘焙(蘊星) | 楠梓麵包 | 企業&個人餐盒 | 節慶&年節禮盒 | 法國麵包 | 歐式麵包 | 歐式雜糧,https://pimg.1px.tw/blog/ku5553221/post/878534731586992428/878548037005605359.jpg,https://pimg.1px.tw/blog/ku5553221/post/878534731586992428/878550389959815587.jpg
197,好媽媽漢堡店,,https://img3.ikh.tw/freshweekly/t_freshweekly_dmrs81798fv5_4.jpg
199,旅人現烤甜甜圈楠梓店,,https://tb-static.uber.com/prod/image-proc/processed_images/8ef9302e989e5378d664d1e1d0aa9a58/db809eadd12d21eb61044e0f3bf7c9b7.jpeg
201,阿荷台灣越南美食,,https://tb-static.uber.com/prod/image-proc/processed_images/3344c790b572ee0ec6bf70315bc47217/6ea4f72e303000fbf403bbb36f971f85.jpeg
208,援中港麵攤,,https://nellydyu.tw/wp-content/uploads/20221227205333_29.jpg
213,巴豆夭百元美味鍋物-楠梓德中旗艦店,,https://resizer.otstatic.com/v2/photos/large/1/89009774.jpg
221,泰炒捌食（楠梓德民店）,https://wsrv.nl/?url=https%3A%2F%2Flh3.ggpht.com%2Fp%2FAF1QipOBVoaAYohxTADYrUfSBih2NkxYnW5DJVzgXunj%253Ds512&output=jpg&filename=restaurant-221-front.jpg,https://hoolee.tw/wp-content/uploads/20220703164251_39.jpg
229,友城海鮮燒烤,,https://tb-static.uber.com/prod/image-proc/processed_images/e502bfddd7c1548f792a33514f5d1139/db809eadd12d21eb61044e0f3bf7c9b7.jpeg
232,鍋醬平價小火鍋 軍校店,https://pimg.1px.tw/missmrt/1592901934-3713111650.jpg,https://foodmap.sharelife.tw/tw-feat-store-img/63927/a787080323312805.jpg
234,星巴克(日月光門市),,https://www.starbucks.com.tw/common/objects/images/product/20170627171958121.jpg
236,史堤克先生楠梓店,,https://pimg.1px.tw/shingmi/1555246085-362748339.jpg
239,小陽鐵板燒,,https://images.deliveryhero.io/image/fd-tw/products/25143481.jpg
241,無名鮮魚湯,,https://static.wixstatic.com/media/66b10b_cc548c4a480445f3ad78b56ebcd096a8~mv2_d_4285_2857_s_4_2.jpg/v1/fill/w_4285%2Ch_2857%2Cal_c%2Cq_90/%E7%BE%8E%E6%85%A7%E9%AE%AE%E9%AD%9A%E6%B9%AF%20%282%29.jpg
242,摩斯漢堡 高雄右昌店,,https://pimg.1px.tw/ksdelicacy/1627440751-2197289094-g.jpg
243,麻古茶坊 楠梓德民店,,https://ian.marieclaire.com.tw/assets/mc/202010/5F8678DCEE4B01602648284.jpeg
252,Starbucks星巴克 楠梓德民門市,,https://www.starbucks.com.tw/common/objects/images/cake/2026081817031957_71.jpg
254,德民黃昏市場,https://pimg.1px.tw/yenju670810/1655711583-340402714-g.jpg,https://images.deliveryhero.io/image/fd-tw/LH/cox2-listing.jpg
255,麥味登楠梓後昌店,,https://cdn.walkerland.com.tw/images/upload/poi/p43640/m61256/b714d421eb6a4097bf969e26efd1ee7513a5ab68.jpg
256,晨食年代店,,https://pimg.1px.tw/jaelluo/1610595090-2819882926-g.jpg
269,麥當勞-高雄後昌新餐廳,,https://mook-aws.hmgcdn.com/public/article/a3/36944/AM_36944_20241202184736_342.jpg
273,得正-楠梓德賢計劃,,https://i.beauty321.com/600x/https%3A/il.beauty321.com/gallery/gallery/54863/photo-645c91f88ce1d.jpg
275,萬味香傳統小吃,,https://pimg.1px.tw/w0973320589/1654109051-2415592469-g.jpg
277,好用心。好窩食作,,https://images.deliveryhero.io/image/fd-tw/products/14503859.jpg
279,安口安口炸雞旗艦店,https://disk.sharelife.tw/gallery/256086-178760/0a70270423071811.jpg,https://cc.tvbs.com.tw/img/program/upload/2024/05/24/20240524175103-4f31acc1.jpg
283,八八口燒肉Barbacoa(楠梓店),https://pimg.1px.tw/fundiary2023/1677059254-583819112-g.jpg,https://img.inmap.tw/2022/12/20221208003018_93-1200x800.jpg
284,食大客牛排,,https://i0.wp.com/mandynotes.tw/wp-content/uploads/2024/03/20240304020248_0.jpg
288,義美食品 高雄後昌門市,,https://asiasuperstore.co.uk/cdn/shop/files/IMPuff-Milk_-_BanhPuffViSua57gx1.jpg
289,鑫泰式料理館,,https://images.deliveryhero.io/image/fd-tw/LH/jtnk-listing.jpg
290,內惟嫩仙草,,https://i.pinimg.com/736x/3c/5a/9c/3c5a9c115eabeb653220e46b31c639d9.jpg
296,鶴味道,,https://img.inmap.tw/1561440623-9fdb20ff159a60dd3c7d0f188119a295.jpg
297,拿坡里披薩 後昌店,,https://www.vistazo.com/binrepository/768x600/84c0/600d600/none/12727/GKXH/pizza-napolitana_VI3545_MG1779293.jpg
300,西堤牛排 高雄後昌新店,,https://nellydyu.tw/wp-content/uploads/20200811223739_56.jpg
301,湖北鹵米粉/大陸米粉/牛肉刀削麵,,https://i0.wp.com/mandynotes.tw/wp-content/uploads/2022/04/20220429020742_23.jpg
307,馨味軒,,https://i0.wp.com/mandynotes.tw/wp-content/uploads/2022/04/20220429020728_68.jpg
317,麥鹹酥雞（日或一公休）,,https://cc.tvbs.com.tw/img/program/upload/2024/05/24/20240524175105-3233edd1.jpg
321,台北民生炒飯右昌店(5/24(日)店休),,https://tb-static.uber.com/prod/image-proc/processed_images/9ddf478b6be859359e1ef1050006cc50/bb3c0a72d9475b425c5ee9e6ea716d2f.jpeg
323,黃家肉骨茶（外送請來電詢問，內用收客至19:30）,,https://images.deliveryhero.io/image/fd-tw/Products/151327791.jpg
327,皇茗薑母鴨-右昌店,,https://tb-static.uber.com/prod/image-proc/processed_images/042eff8c60a7cb5d2b245ca0a51518cf/30be7d11a3ed6f6183354d1933fbb6c7.jpeg
333,弘爺漢堡-三山店,,https://cdn.walkerland.com.tw/images/upload/poi/p43640/m61256/74d1916d86e925f7af33e0087605f9aebef6f4b5.jpg
336,玩聚咖啡館,,https://lohanpush.wordpress.com/wp-content/uploads/2025/07/20250718-0778.jpg
337,VASO HOME 肉燥飯舖【高雄楠梓店】丨企業外送｜高雄小吃｜高雄肉燥飯丨高雄美食丨家庭聚餐,,https://img.inmap.tw/1561440615-899c2d77b87d0982761214fd54f38496.jpg
338,野餐，日。健康餐盒（高雄楠梓店）,,https://tb-static.uber.com/prod/image-proc/processed_images/0cb114e24b49f1afc35c62f14f736792/58f691da9eaef86b0b51f9b2c483fe63.jpeg
342,7-ELEVEN 興泰門市,,https://mnya.tw/yo/wp-content/uploads/2025/3608-7.jpg
346,Small萱牛奶特色鍋物,https://disk.sharelife.tw/gallery/64719-114466/0157141221090615.jpg,https://cdn.walkerland.com.tw/images/upload/poi/p77219/m34033/fd496169bf27d5ab318e206a4b2711d627acd4cd.jpg
347,阿賢鮮魚湯,,https://pimg.1px.tw/robert791013/1414811716-804497925.jpg
348,毛伯伯牛肉麵 楠梓店,https://pimg.1px.tw/cherrieeat/1607021371-2028165405-g.jpg,https://img.inmap.tw/2020/05/1588791124-58ecda492903a29fc13f61e096d1c6fb.jpg
349,帝王食補薑母鴨,,https://images.stockfeel.com.tw/stockfeelimage/2022/12/221202-%E5%B8%9D%E7%8E%8B%E9%A3%9F%E8%A3%9C%E8%96%91%E6%AF%8D%E9%B4%A8.jpg
356,阿嬤炒飯,,https://pimg.1px.tw/shingmi/1555246116-796867219.jpg
361,【炎豚拉麵】濃厚豚骨拉麵專賣店 楠梓 拉麵（google 營業時間每週更改）,,https://live.staticflickr.com/65535/54050289079_6caf4ac4f6_c.jpg
363,平凡麵包店,,https://angelala.tw/wp-content/uploads/2021/06/nan1.jpg
394,品賀丼飯,,https://images.deliveryhero.io/image/fd-tw/products/14503860.jpg
402,7-ELEVEN 嘉好門市,,https://mnya.tw/yo/wp-content/uploads/2025/3607-4.jpg
404,三立土魠魚焿,,https://img2.ikh.tw/freshweekly/t_freshweekly_9949tkb16526_.jpg
407,饗翻天臭臭鍋【楠梓店】沒有訂位、沒有保留,https://www.chickpt.com.tw/photos/20250627/3630022/1750987902.43122098058963.jpg,https://img2.ikh.tw/freshweekly/t_freshweekly_e1d881go3o3k_.jpg
424,覓食麓手作早午餐,https://megapx-assets.dcard.tw/images/cf296a8e-b763-4ef9-9553-21bfd36c6110/1280.jpeg,https://pimg.1px.tw/jaelluo/1610595090-1049812894-g.jpg
425,億萬師古早味外燴、辦桌 Illionaire Banquet,,https://blogger.googleusercontent.com/img/b/R29vZ2xl/AVvXsEggqecgxGi4uj82Usv461XGLYq8_DIcOKxLE6KOG6AGPFKjhiDOz2L49cBhGtyetwDTeDtorAf49D7E_VrRUHthdJVC35KTPw8iNfhjvR8ji-6xDveTHzuQdJz5RzUUPFmniphcNUblgOQV/s1600/IMG_8327.jpg
430,7-ELEVEN 亞熱帶門市,,https://mnya.tw/yo/wp-content/uploads/2025/3607-8.jpg
439,麥當勞-高雄右昌餐廳,,https://mnya.tw/yo/wp-content/uploads/2020/2195-4.jpg
453,東倍池上飯包（大舍甲店）,,https://tb-static.uber.com/prod/image-proc/processed_images/7e03fc07c94eb51f334beea4e9a885cf/c73ecc27d2a9eaa735b1ee95304ba588.jpeg
454,美寶堡,,https://pimg.1px.tw/jaelluo/1610595091-4220245987-g.jpg
463,丹丹漢堡 右昌店,,https://www.dain-dain-hamburger.com/images/newdm0.jpg
468,土魠魚羹,,https://img.mandynotes.tw/2023/01/20230104003959_80.jpg
474,五金咖啡,https://v2.coffeecdn.cn/uploads/allimg/170715/3-1FG51Z53B92.jpg,https://angelala.tw/wp-content/uploads/2025/10/cha28.jpg
475,七七雞片飯,,https://cdn.amebaowndme.com/madrid-prd/madrid-web/images/sites/116379/b7567b78f7311d92d145cd8bcd1ea26c_deb54646f64d1ea843cafc6fd19e5457.jpg
478,日出客棧茶飲-小農鮮奶(高雄梓官大舍西店),https://wsrv.nl/?url=https%3A%2F%2Flh3.ggpht.com%2Fp%2FAF1QipM2vq2shpF2iKeStSy26Uj9uQOZlRD1Om2N4iik%253Ds512&output=jpg&filename=restaurant-478-front.jpg,https://tb-static.uber.com/prod/image-proc/processed_images/40a186fa63b76bcf7fdffa8d999d5cc4/0e8f477e8f858732b95bd74b5e07a538.jpeg
479,札克咖啡CAFÉ DEL CHACO,https://wsrv.nl/?url=https%3A%2F%2Fnowhot01.com%2Fwp-content%2Fuploads%2F2025%2F09%2Fcafe-del-chaco-0.webp&output=jpg&filename=restaurant-479-front.jpg,https://angelala.tw/wp-content/uploads/2025/10/cha11.jpg
485,7-ELEVEn 橋都門市,,https://mnya.tw/yo/wp-content/uploads/2025/3607-10.jpg
493,漢堡王 高雄右昌店,,https://www.fripper.jp/db_img/cl_img/7681/news/images/c5d7d71da2c9d2072e9cea457b02fb9b.jpg
497,麥味登橋頭橋都店,,https://cdn.walkerland.com.tw/images/upload/poi/p43640/m61256/6bf90cddb97dbad685203815912ee16294fec75d.jpg
508,S'more sugar 楠梓店,,https://cdn01.pinkoi.com/product/ZBAz28vJ/0/1/640x530.jpg
513,柴點 ChaiDian (晚餐、宵夜）,,https://images.deliveryhero.io/image/fd-tw/LH/gw7w-hero.jpg
521,初原和食·日式料理,,https://images.deliveryhero.io/image/fd-tw/products/14503858.jpg
524,沐籽餐創室,,https://lohanpush.wordpress.com/wp-content/uploads/2025/07/20250718-0804.jpg
542,麥味登 楠梓好好學店,,https://cdn.walkerland.com.tw/images/upload/poi/p43640/m61256/409e6ce89f7f829deeacd116e6e3e401212fd44c.jpg
545,小春軒滷味,,https://tb-static.uber.com/prod/image-proc/processed_images/2e4ad7efd4089fa9c2ae57f76ea7cf1b/a19bb09692310dfd41e49a96c424b3a6.jpeg
550,全家便利商店 高雄大西店,,https://www.family.com.tw/Manager/MarketingBS/Content/Pic/2024%E5%A4%AF%E7%95%AA%E8%96%AF.jpg
558,牛鼎鑫牛排,https://i0.wp.com/images.vocus.cc/285469c5-ba56-4438-92fa-b62be8d8790e.jpg?format=jpg,https://cc.tvbs.com.tw/img/program/upload/2024/05/24/20240524175117-bd80c2f6.jpg
574,Louisa Coffee 路易莎咖啡(高雄大學門市),https://www.nuk.edu.tw/var/file/0/1000/pictures/339/m/mczh-tw1920x1920_large52197_985203715118.jpg,https://kellylife.tw/wp-content/uploads/pixnet/b118d6fdfb19d4ae93082bd70e184f1b.jpg
575,7-ELEVEN 晉學門市,,https://mnya.tw/yo/wp-content/uploads/2019/1274-5.jpg
578,素描學派,https://nigi33.tw/wp-content/uploads/pixnet/49e7eecaef847afa81ad1984e9e5109f.jpg,https://angelala.tw/wp-content/uploads/2022/06/ske25.jpg
602,金茶伍手作飲品-高雄楠梓惠豐門市 WOO CHA TEA SHOP,,https://woocha.com.tw/wp-content/uploads/2025/07/about-image-01.jpg
613,茶之魔手-蚵寮中正店,,https://www.teamagichand.com.tw/en/upload/fac_m/ffad747100a33e7e89e1bc13dec7e53d.jpg
614,張記港式臭豆腐、炸豆包、椒鹽三兄弟,,https://img.gwan.tw/20200407205050_61.jpg
616,CACHETTE 藏.鉄板料理,,https://pimg.1px.tw/shingmi/1555246098-2766900393.jpg
618,老井麵食,,https://images.deliveryhero.io/image/fd-tw/products/28771322.jpg
623,管家外省麵-楠梓美食 楠梓美食推薦 楠梓restaurant 楠梓小吃 楠梓必吃 楠梓牛肉麵,,https://images.deliveryhero.io/image/fd-tw/products/28771318.jpg
624,蚵仔寮大酒家,,https://pic.pimg.tw/ksdelicacy/1573268853-246525895.jpg
625,Starbucks星巴克 楠梓藍昌門市,,https://www.starbucks.com.tw/common/objects/images/cake/2026081816532091_33.jpg
630,MixEgg混蛋吐司 蚵仔寮店,,https://www.starbucks.com.tw/common/objects/images/cake/2026081816494812_87.jpg
632,Bo雞公仔鹽酥雞,,https://cc.tvbs.com.tw/img/program/upload/2024/05/24/20240524175107-2e994981.jpg
639,Vita甜點工作室 #無店面 #訂了才做 #真實#新鮮#限量,,https://lohanpush.wordpress.com/wp-content/uploads/2025/07/20250718-0879.jpg
642,鬥仔早午餐（無內用）(最後接單13:15）,,https://pimg.1px.tw/jaelluo/1610595090-3882035508-g.jpg
644,一沐日 高雄壽豐店,,https://i.beauty321.com/600x/https%3A/il.beauty321.com/gallery/gallery/70236/photo-6912da5c90a0a.jpg
645,后湯包楠梓店,,https://images.deliveryhero.io/image/fd-tw/Products/132209531.jpg
646,腸大爺,,https://letsplay.tw/wp-content/uploads/20211103102721_6.jpg
647,羊媽媽羊肉老店(德賢店),,https://angelala.tw/wp-content/uploads/img/20160904081947_5.jpg
648,Luna庭苑 河內越光祕境料理 楠梓美食 /網美餐廳/南洋料理/特調飲品/寵物友善,,https://i17fun.tw/wp-content/uploads/2022/10/IMG_3608-1.jpg
650,五鮮級鍋物專賣 楠梓藍田店,,https://i0.wp.com/mandynotes.tw/wp-content/uploads/2022/09/20220921004617_82.jpg
651,香江港式菠蘿茶飲（楠梓店）,,https://disk.sharelife.tw/gallery/350136-190814/ec94220723451903.jpg
652,佳品自助餐,,https://blogger.googleusercontent.com/img/b/R29vZ2xl/AVvXsEjBYW23174aKFSv6a33YNkvtVhGJqxPThnr8z7mIlam48q2mXPfuNM2o1eId-FDqXHZLaxbqvrPwHN6xbIBWB4hjlUO0a555rllaVl4yMCVUBhepsuCQdkIlpTxOwRZ4LPG8M0ujuGR9ddb/s1600/IMG_8333.jpg
653,好想燒肉（楠梓店）,https://pimg.1px.tw/ku5553221/1755065770-1027883682-g.jpg,https://pimg.1px.tw/ku5553221/1755065822-1563788185-g.jpg
655,華一滷味,,https://mydelicious.com.tw/wp-content/uploads/2024/03/PXL_20240323_105906771.MP_-1024x768.jpg
656,百炒堂熱炒,,https://blogger.googleusercontent.com/img/b/R29vZ2xl/AVvXsEgo2_R1X7mMfcyJgYLNK-cTcvolb4ZPuwa9rqnyjtIPD_dFckDJaAmTMnSRWs4E6-laDAFbms5BdgPE7ztirMtaQFFFsviblGrqruwvLTMFc-D5PNXZYtJz5fKmNwVxymlZ4ed07U1GfPg9/s1600/IMG_8326.jpg
657,榮興港式夜宵 楠梓店,,https://images.deliveryhero.io/image/fd-tw/products/28771321.jpg
658,義淉義式料理-碧水河畔,,https://angelala.tw/wp-content/uploads/2025/10/cha14.jpg
660,萬國牛排(藍田總店),https://cdn.walkerland.com.tw/images/upload/poi/p104559/m61782/c50fa1d99ac01a1a3e661ee82198d45c3b102df0.jpg,https://img.ihappyday.tw/2019/03/1551673233-2ba641e2f77919f291b3a2cb63286b22.jpg
662,初夏食堂-楠梓店,,https://img.inmap.tw/1561440642-f226fba7b89e0fc605edb65df000e96a.jpg
663,桃金鍋物 - 楠梓藍田門市｜午茶宵夜首選（最後收客23:50）,,https://img.inmap.tw/2025/09/20250917224841_0_f67eca.jpg
664,江西傳藝風味外省麵藍田店,https://i2.wp.com/img.inmap.tw/2025/10/20251013153101_0_cc51d7.jpg?quality=90&resize=350%2C233&ssl=1&zoom=2,https://images.deliveryhero.io/image/fd-tw/products/28771315.jpg
665,昇港活海產,https://pimg.1px.tw/elle8117/1390137787-943903517.jpg,https://pimg.1px.tw/chyong27/1723302635-1349895278-g.jpg
667,珍饌活海產,https://wsrv.nl/?url=https%3A%2F%2Flh3.ggpht.com%2Fp%2FAF1QipNlUSRgPI5aLNqC_vVIyZQwJBXKQU8_RK-ehz5H%253Ds512&output=jpg&filename=restaurant-667-front.jpg,https://blogger.googleusercontent.com/img/b/R29vZ2xl/AVvXsEgB-lzFDEaiZ39ppL-4Lk9laxlZQRriNoGe50ARap4umLKHq8LhSuVu6R-78N48leoMvfjlj4x_hEuba_RjQDss_O2lbmM0sUd77eAvi_HN09viEeG5xP3vIbYNen3j4OO66XIznw6u-BGo/s1600/IMG_8335.jpg
668,D.K Kitchen鍋燒丼飯 販賣所,https://megapx-assets.dcard.tw/images/b614e102-0293-4d09-8ed9-eb23acafd297/orig.jpeg,https://images.deliveryhero.io/image/fd-tw/LH/wzvg-hero.jpg
669,微光早午晚餐·宵夜,,https://img.ikh.tw/freshweekly/t_freshweekly_s33cq0a31pd4_.jpg
670,星野肉肉鍋(高雄楠梓藍昌店),,https://img.inmap.tw/2025/09/20250917224843_0_05e940.jpg
672,烤骨學院,https://pimg.1px.tw/blog/bella0627/post/17347774368/839789463918023335.jpg,https://picdn.gomaji.com/uploads/stores/947/231947/367005/IMG_9853.jpg
673,樂翔家CHICKEN（梓官創始旗艦店）,,https://cc.tvbs.com.tw/img/program/upload/2024/05/24/20240524175101-c831ae40.jpg
675,老汕頭原味火鍋（高雄楠梓店）,https://ak-d.tripcdn.com/images/1mi3r224x8zgqru6i4559.jpg?proc=source%2Ftrip,https://pimg.1px.tw/fanny4lin/1755408319-4097189581-g.jpg
676,來呷飯 川食堂 楠梓店,,https://yes.rita-life.com/upload/202305/01/IMG_1988.jpg
677,北平楊寶寶蒸餃德惠店,,https://img.dennyli.com/2024/07/20240714082516_0.jpg
678,石頭燒肉楠梓館,,https://pimg.1px.tw/tsaijie229/1743823466-3188481703-g.jpg
680,鬥牛士二鍋 楠梓店,https://images.vocus.cc/1a1aa4b3-5a21-4ba9-a522-6a7c3cc65bdb.jpg,https://pimg.1px.tw/yenju670810/1534439800-4078674284.jpg
681,嗑肉石鍋-高雄楠梓店(二代店),,https://i0.wp.com/mandynotes.tw/wp-content/uploads/2022/09/20220921004755_87.jpg
682,詠心煎,https://cc.tvbs.com.tw/img/program/upload/2025/05/14/20250514123551-92b62072.jpg,https://www.woshiji.cn/uploadfile/2024/0530/20240530074702502.jpg
683,井賀鍋物 楠梓店,https://www.chickpt.com.tw/photos/20250807/3717910/1754557606.95811540856968.jpg,https://cdn.walkerland.com.tw/images/upload/poi/p103961/m78465/388d170ffe1f7ee62b0eacac464ce3eb50756ddf.jpg
684,くら寿司 藏壽司 楠梓藍田路店,,https://tb-static.uber.com/prod/image-proc/processed_images/fe6c02902e9c7de02ef7d19ff1ff90d3/783282f6131ef2258e5bcd87c46aa87e.jpeg
725,永吉餅舖,,https://www.yung-ji.com.tw/templates/cache/16073/images/517500861912f.jpg
793,泉淋米香_傳統現爆爆米香,,https://feliz.tw/wp-content/uploads/20230301120143_97.jpg
795,沙崙玫瑰咖啡簡餐,https://www.chickpt.com.tw/photos/20260109/3900468/1767944728.10861342237501.jpg,https://angelala.tw/wp-content/uploads/2025/10/cha23.jpg
824,重慶渝小麵(高雄後昌店),,https://i.beauty321.com/600x/https%3A/il.beauty321.com/gallery/gallery/49575/photo-62d92fdf17bfa.jpg
825,老牌豬血湯,,https://pimg.1px.tw/puliya233/1569080228-884015487.jpg
831,茶の魔手-楠梓右昌店,,https://cc.tvbs.com.tw/img/program/upload/2024/03/18/20240318112238-603a2381.jpg
846,阿嬌泰式料理,,https://i17fun.tw/wp-content/uploads/2022/10/IMG_3613.jpg
862,旺堡美式早午餐（惠民店）,,https://cdn.walkerland.com.tw/images/upload/poi/p43640/m61256/e5b5ca08b10d62cdfc3e1f59a966f467417b0919.jpg
979,北半球電競館-楠梓加昌店,https://www.chickpt.com.tw/photos/20230609/2489890/1686324951.7951735974840.jpg,https://images.deliveryhero.io/image/global-menu-service/FP_TW/vendor/x5hw/product/145436926/c3a0e38d-a39c-4dcb-bdd8-06f8c094aca8.jpg
1008,日十早午餐 右昌店,,https://pimg.1px.tw/jaelluo/1610595089-969956563-g.jpg
1146,天香福麵館,,https://i0.wp.com/mandynotes.tw/wp-content/uploads/2022/04/20220429020753_81.jpg
1256,奉旨嚐點 港式點心專賣店,https://wsrv.nl/?url=https%3A%2F%2Fpgw.udn.com.tw%2Fgw%2Fphoto.php%3Fexp%3D3600%26fw%3D800%26sh%3D0%26sl%3DW%26sw%3D0%26u%3Dhttps%253A%252F%252Fuc.udn.com.tw%252Fphoto%252F2025%252F09%252F24%252F0%252F33209309.jpg%26w%3D800%26x%3D0%26y%3D0&output=jpg&filename=restaurant-1256-front.jpg,https://angelala.tw/wp-content/uploads/2025/09/gang19-2.jpg
1303,台中老店牛排館,,https://pimg.1px.tw/shingmi/1555246110-1147769632.jpg
1338,胡麻筒子麻辣燙（橋楠店）,,https://tb-static.uber.com/prod/image-proc/processed_images/2b70bca71de1c0846d185b764304f3c7/20fa9288fdc01be28055baedd768dc37.jpeg
1345,一燒十味昭和園（楠梓店）,,https://img.dennyli.com/2021/11/1637199925-8a693e9d2f376b42af9603f747169a56.jpg
